total_medals,Country_code,Country,year,gdp_per_capita_growth,under5_mortality,physicians_per_1000,life_expec_under5,population,urban_population_pct,log_population,log_medals
1.0,AFG,Afghanistan,2008,1.6772791560615,96.3,0.183,59.708,26482622.0,21.1241481349633,17.091999302258,0.6931471805599453
1.0,AFG,Afghanistan,2012,8.27936899310519,81.2,0.246,61.735,30560034.0,23.3434391310979,17.23520363482742,0.6931471805599453
0.0,AFG,Afghanistan,2016,-0.300121027406746,70.0,0.284,62.646,34700612.0,24.6588345720126,17.362267881649167,0.0
0.0,ALB,Albania,1992,-6.62255120696442,37.6,1.604,73.303,3247039.0,36.7184275131439,14.993254062100007,0.0
0.0,ALB,Albania,1996,8.00551384353483,32.4,1.318,74.113,3168033.0,38.8996042444751,14.968621448528866,0.0
0.0,ALB,Albania,2000,8.14996793452505,27.1,1.366,74.826,3089027.0,41.6135829609314,14.9433667125553,0.0
0.0,ALB,Albania,2004,5.70712308403314,21.4,1.194,75.951,3026939.0,44.9784925669394,14.92306243583516,0.0
0.0,ALB,Albania,2012,2.5545386692104,11.2,1.27,78.084,2860708.0,53.8637553661449,14.866579704607537,0.0
0.0,ALB,Albania,2016,5.52482598081943,9.4,1.212,78.643,2689469.0,55.5738734464276,14.804854334323002,0.0
0.0,AND,Andorra,2000,3.56776571144128,7.6,2.557,81.863,65685.0,92.2559356689453,11.092625867903608,0.0
0.0,AND,Andorra,2004,1.09540001410325,6.2,3.217,82.815,74325.0,90.5157699584961,11.216202647866298,0.0
0.0,AND,Andorra,2012,-3.80075429834201,4.1,3.112,84.334,76834.0,88.6290967082924,11.249402529502674,0.0
0.0,AND,Andorra,2016,3.69962046811506,3.4,4.058,84.489,72181.0,88.5027454634853,11.186932132354066,0.0
0.0,ARG,Argentina,1984,-0.0338209216825902,32.1,2.683,69.353,29863093.0,84.5580771403692,17.21213392810008,0.0
2.0,ARG,Argentina,1988,-2.61112478271322,29.0,3.032,71.097,31780532.0,86.2212114718152,17.274364459020838,1.0986122886681098
1.0,ARG,Argentina,1992,6.45332357113911,27.6,2.636,72.096,33693527.0,87.4815873775619,17.332816299722076,0.6931471805599453
6.0,ARG,Argentina,2004,7.92951713016532,17.3,3.1857,74.871,38815916.0,89.9397208794212,17.474340926667512,1.9459101490553132
4.0,ARG,Argentina,2012,-2.0383253093713,13.3,4.823,75.802,42161721.0,91.2041217246797,17.55702328204735,1.6094379124341003
4.0,ARG,Argentina,2016,-3.02450095578762,11.4,5.024,76.105,43900313.0,91.5856817228217,17.59743200786053,1.6094379124341003
1.0,ARM,Armenia,2000,4.13075887426186,30.8,2.652,72.8804878048781,3221100.0,64.959237917436,14.985233474090336,0.6931471805599453
0.0,ARM,Armenia,2004,11.1144901880771,25.2,2.443,73.0268292682927,3164900.0,64.5972633621116,14.967632017484643,0.0
6.0,ARM,Armenia,2008,7.60294775074826,20.6,2.695,73.0731707317073,3087100.0,64.3840928379746,14.94274269686957,1.9459101490553132
3.0,ARM,Armenia,2012,7.33470454115984,17.0,2.859,74.119512195122,3024100.0,64.3268379506998,14.922124084517868,1.3862943611198906
4.0,ARM,Armenia,2016,0.611877151180408,14.0,2.887,74.8682926829268,2992300.0,64.5928753345316,14.911552880429745,1.6094379124341003
5.0,AUS,Australia,1976,1.56435628568006,16.2,1.5,73.0146341463415,14033000.0,85.9912185628314,16.45692225673327,1.791759469228055
24.0,AUS,Australia,1984,3.3166427647013,11.6,1.8,75.3878048780488,15579391.0,85.4475664516222,16.561459509067802,3.2188758248682006
14.0,AUS,Australia,1988,4.04503594783567,10.2,2.1,76.4326829268293,16532164.0,85.3697439220883,16.620818374719406,2.70805020110221
27.0,AUS,Australia,1992,-0.685109221290034,8.2,2.363,77.3780487804878,17478635.0,85.3907597470933,16.676489835897687,3.332204510175204
41.0,AUS,Australia,1996,2.61251726692284,6.8,2.39,78.0780487804878,18224767.0,85.2405932056372,16.718292051140782,3.7376696182833684
58.0,AUS,Australia,2000,2.73354609011429,6.2,2.476,79.2341463414634,19028802.0,85.1071608578257,16.761464284058956,4.07753744390572
50.0,AUS,Australia,2004,3.11057041061613,5.8,2.692,80.490243902439,19932722.0,85.518767609412,16.80787326088613,3.9318256327243257
46.0,AUS,Australia,2008,1.56811983624921,5.2,3.0,81.3951219512195,21249199.0,86.0253816967666,16.87182975850661,3.8501476017100584
35.0,AUS,Australia,2012,2.15339832775771,4.3,3.293,82.0463414634146,22733465.0,86.4451259136625,16.939348625917663,3.58351893845611
29.0,AUS,Australia,2016,1.16312811538609,3.8,3.557,82.4487804878049,24190907.0,87.0166295249235,17.001487376715872,3.4011973816621555
1.0,AUT,Austria,1976,4.76336934989831,21.1,1.5,71.5658536585366,7565525.0,53.198876513723,15.839112301342562,0.6931471805599453
2.0,AUT,Austria,1992,0.976092051303695,8.5,3.213,75.8170731707317,7840709.0,64.9499929346872,15.874839821911182,1.0986122886681098
3.0,AUT,Austria,1996,2.07784870159793,6.4,3.589,76.8707317073171,7959017.0,66.1109299621598,15.889816057732432,1.3862943611198906
3.0,AUT,Austria,2000,2.94168464206538,5.5,3.876,78.1268292682927,8011566.0,66.7690238969566,15.896396805553787,1.3862943611198906
7.0,AUT,Austria,2004,1.93089688878541,5.1,4.232,79.1804878048781,8171966.0,66.9558612872944,15.916220074362782,2.0794415416798357
3.0,AUT,Austria,2008,1.13621131218787,4.5,4.627,80.4317073170732,8321496.0,67.0435560819078,15.934352604326234,1.3862943611198906
0.0,AUT,Austria,2012,0.170488694211613,4.0,4.927,80.9365853658537,8429991.0,67.2085909812279,15.94730626236181,0.0
1.0,AUT,Austria,2016,1.01887723192984,3.6,5.129,81.6414634146342,8736668.0,67.7218061923556,15.983039439244974,0.6931471805599453
1.0,AZE,Azerbaijan,1996,0.280213889570334,91.0,3.729,62.66,7763000.0,52.1216049194336,15.864879415387817,0.6931471805599453
3.0,AZE,Azerbaijan,2000,10.1910292674816,74.0,3.552,65.377,8048600.0,51.1320838928223,15.90100872122664,1.3862943611198906
5.0,AZE,Azerbaijan,2004,8.30153847939059,55.5,3.54,67.488,8306500.0,52.2831993103027,15.93254889880867,1.791759469228055
7.0,AZE,Azerbaijan,2008,8.29339095519384,42.7,3.635,69.355,8763400.0,53.063304901123,15.986094515464323,2.0794415416798357
10.0,AZE,Azerbaijan,2012,0.85388594737168,33.2,3.449,71.08,9295784.0,53.8076442276208,16.04507152200353,2.3978952727983707
18.0,AZE,Azerbaijan,2016,-4.14117487259738,26.3,3.262,72.568,9757812.0,55.7574797205266,16.09357875292924,2.9444389791664403
0.0,BDI,Burundi,2000,-2.89542791949714,153.7,0.052,47.617,6470194.0,8.04381449833197,15.682716650571605,0.0
0.0,BDI,Burundi,2004,0.997721140754805,131.0,0.027,52.217,7310656.0,8.9185547789176,15.80484356778164,0.0
0.0,BDI,Burundi,2012,0.762376963720541,80.2,0.049,58.501,10071028.0,12.2244596804615,16.12517334488657,0.0
6.0,BEL,Belgium,1976,5.46414014877136,17.6,1.9,72.119756097561,9818227.0,73.1119397796152,16.099751114131386,1.9459101490553132
1.0,BEL,Belgium,1980,4.32900829107655,14.5,2.3,73.2070731707317,9859242.0,74.7214236886134,16.10391984735594,0.6931471805599453
4.0,BEL,Belgium,1984,2.46792120866535,12.2,2.7,74.4048780487805,9855372.0,76.2916732112078,16.10352724519292,1.6094379124341003
2.0,BEL,Belgium,1988,4.39079485847489,10.7,3.1,75.5658536585366,9901664.0,77.8144345775361,16.108213381788904,1.0986122886681098
3.0,BEL,Belgium,1992,1.11956566849732,9.2,3.391,76.3512195121951,10045158.0,79.2814540177363,16.122601285325985,1.3862943611198906
6.0,BEL,Belgium,1996,1.12365026891848,7.2,3.608,77.1873170731707,10156637.0,80.6844777619461,16.133637941383707,1.9459101490553132
5.0,BEL,Belgium,2000,3.46547823151502,5.9,2.829,77.7219512195122,10251250.0,82.0152520403035,16.142910207332758,1.791759469228055
3.0,BEL,Belgium,2004,3.1239312841995,5.2,2.868,78.8780487804878,10421137.0,83.2655230829461,16.159346705419193,1.3862943611198906
2.0,BEL,Belgium,2008,-0.343476136908251,4.7,2.921,79.6804878048781,10709973.0,84.427037120012,16.18668592141235,1.0986122886681098
3.0,BEL,Belgium,2012,-0.403775116080638,4.3,2.933,80.3853658536585,11106932.0,85.4915403816388,16.22307997586528,1.3862943611198906
6.0,BEL,Belgium,2016,0.682454832714654,4.1,3.28,81.4390243902439,11331422.0,86.4507790979645,16.24309013263099,1.9459101490553132
0.0,BEN,Benin,1980,3.87849215726132,211.7,0.059,47.747,3925251.0,27.3020371175737,15.182940856198579,0.0
0.0,BEN,Benin,1992,-0.174577693605642,163.9,0.055,54.137,5617844.0,35.7897618395069,15.541458518371863,0.0
0.0,BEN,Benin,2004,1.28077994352564,123.5,0.038,57.346,8159094.0,39.8525699078742,15.914643691364304,0.0
0.0,BEN,Benin,2008,1.77647069609412,113.0,0.059,58.099,9228466.0,41.8029662723105,16.037803395483653,0.0
0.0,BEN,Benin,2016,0.361166139903119,95.0,0.045,59.283,11697842.0,46.6094559006664,16.27491493831157,0.0
0.0,BIH,Bosnia and Herzegovina,2000,4.66760700032494,9.5,1.312,75.292,4159771.0,42.5539898606589,15.240970582645321,0.0
0.0,BIH,Bosnia and Herzegovina,2004,7.28905393914994,7.6,1.372,76.489,4140987.0,43.8380473519042,15.236444723184453,0.0
0.0,BIH,Bosnia and Herzegovina,2008,7.20155128475226,7.0,1.59,76.3,3947544.0,45.1090576163352,15.188604171344938,0.0
0.0,BIH,Bosnia and Herzegovina,2012,1.11532015786369,6.7,1.914,77.037,3670113.0,46.3655655972,15.11573300974748,0.0
0.0,BIH,Bosnia and Herzegovina,2016,4.59597025623206,6.8,2.146,77.124,3473003.0,48.0248845752382,15.060530195532346,0.0
15.0,BLR,Belarus,1996,3.14668598096435,15.5,3.084,68.5121951219512,10159569.0,68.2737426757812,16.13392657795496,2.772588722239781
17.0,BLR,Belarus,2000,6.29963628199231,12.8,3.268,68.9121951219512,9979610.0,69.9172295434732,16.116054569367762,2.8903717578961645
13.0,BLR,Belarus,2004,12.2126184264071,9.4,3.299,68.9560975609756,9730146.0,71.7658538818359,16.09073945918836,2.6390573296152584
18.0,BLR,Belarus,2008,10.581305038428,6.6,3.578,70.4560975609756,9527985.0,73.5531692504883,16.06974381570873,2.9444389791664403
12.0,BLR,Belarus,2012,1.86726973670382,4.9,3.885,71.9658536585366,9446836.0,75.5281066894531,16.061190428592116,2.5649493574615367
9.0,BLR,Belarus,2016,-2.61191381567238,3.9,4.372,73.8268292682927,9469379.0,76.8458709716797,16.06357388751051,2.302585092994046
0.0,BOL,Bolivia,1984,-2.31057153866044,151.0,0.697,53.383,6281868.0,48.7889804252647,15.653177946443536,0.0
0.0,BOL,Bolivia,2016,2.7222071569043,30.3,1.569,67.392,11180020.0,68.7446327876947,16.229638814598392,0.0
8.0,BRA,Brazil,1984,3.12069396131707,79.8,0.927,63.553,132658864.0,70.8607419854387,18.703291458780637,2.1972245773362196
6.0,BRA,Brazil,1988,-1.9510165069396,68.4,1.185,65.161,143826357.0,73.6138622973844,18.78411727574647,1.9459101490553132
3.0,BRA,Brazil,1992,-2.18850140503228,57.2,1.14,66.539,154275079.0,76.0910875240585,18.85424779424387,1.3862943611198906
15.0,BRA,Brazil,1996,0.672968776246492,44.7,1.259,68.108,164202549.0,78.3021415455398,18.916611278613633,2.772588722239781
0.0,BRN,Brunei Darussalam,1984,-5.56827268914583,16.7,0.534,70.236,211661.0,60.0533276795725,12.262741217194808,0.0
0.0,BRN,Brunei Darussalam,1996,-2.40064278413038,11.9,0.848,73.079,298276.0,69.3322406854373,12.605774511349226,0.0
0.0,BRN,Brunei Darussalam,2000,1.2515924816352,10.3,1.029,74.017,326424.0,71.2246805488418,12.695952428780698,0.0
0.0,BRN,Brunei Darussalam,2004,-1.67510542923259,9.5,1.312,74.603,352911.0,73.0675067339261,12.77397117948078,0.0
0.0,BRN,Brunei Darussalam,2008,-5.66095294794741,9.6,1.493,74.814,377793.0,74.7929411399737,12.842101705556031,0.0
1.0,BRN,Brunei Darussalam,2012,-0.62162371685136,9.9,1.469,74.843,405557.0,75.2714233503027,12.913016709859948,0.6931471805599453
0.0,CAF,Central African Republic,2004,3.72625182811642,152.2,0.079,47.696,4192826.0,37.9626889392062,15.248885527557526,0.0
0.0,CAF,Central African Republic,2008,-0.0996463174017777,135.6,0.0405,49.873,4558984.0,38.3474489192338,15.332610349647855,0.0
11.0,CAN,Canada,1976,4.50510430004691,16.0,1.7,73.8560975609756,23449808.0,75.532954066479,16.97037286518978,2.4849066497880004
44.0,CAN,Canada,1984,4.9035541763206,10.1,1.9,76.3319512195122,25607053.0,76.218047632138,17.058378379316984,3.8066624897703196
10.0,CAN,Canada,1988,3.06576122858351,8.8,2.1,76.8587804878049,26791747.0,76.5177005456627,17.10360445029424,2.3978952727983707
18.0,CAN,Canada,1992,-0.296709575701925,7.7,2.1,77.8380487804878,28371264.0,76.7352832428064,17.16088735989898,2.9444389791664403
22.0,CAN,Canada,1996,0.631530881733894,6.7,2.1,78.220243902439,29610218.0,77.8924633929695,17.203630062428246,3.1354942159291497
12.0,CAN,Canada,2004,2.13581560192544,6.1,1.8971,79.9921951219512,31938807.0,79.6923063348315,17.279332348769906,2.5649493574615367
19.0,CAN,Canada,2008,-0.0933427924909864,5.9,1.959,80.7246341463415,33247298.0,80.6628944916604,17.319484058606214,2.995732273553991
18.0,CAN,Canada,2012,0.658841956783917,5.6,2.3962,81.6636585365854,34713395.0,81.1513483248791,17.36263619348411,2.9444389791664403
22.0,CAN,Canada,2016,-0.0982963624127819,5.3,2.3105,81.94,36110803.0,81.3023011093703,17.4021026306137,3.1354942159291497
32.0,CHN,China,1984,13.7305061049976,55.0,1.33,66.148,1036825000.0,23.0142688751221,20.7594289959259,3.4965075614664802
28.0,CHN,China,1988,9.4461713568776,54.0,1.47,67.607,1101630000.0,25.8146724700928,20.820056738123373,3.367295829986474
50.0,CHN,China,1996,8.82951365878655,45.6,1.199,70.823,1217550000.0,30.4798641204834,20.920106479839568,3.9318256327243257
58.0,CHN,China,2000,7.73418016479314,36.7,1.263,72.288,1262645000.0,36.4320234662299,20.95647456400401,4.07753744390572
63.0,CHN,China,2004,9.47923943183717,26.4,1.215,73.727,1296075000.0,41.7600135803223,20.98260630357244,4.1588830833596715
100.0,CHN,China,2008,9.10974706584638,18.5,1.343,74.833,1324655000.0,46.9895057678223,21.004417885122038,4.61512051684126
88.0,CHN,China,2012,7.12701272347094,13.5,1.562,76.2,1354190000.0,53.1003112792969,21.026469326554942,4.48863636973214
70.0,CHN,China,2016,6.16542718232793,9.9,1.888,77.214,1387790000.0,58.8399238586426,21.050978390754533,4.2626798770413155
0.0,CIV,Cote d'Ivoire,1996,3.63603752351062,150.7,0.09,51.596,15442312.0,41.6377848898263,16.552621832283492,0.0
0.0,CIV,Cote d'Ivoire,2004,0.712925866714116,125.7,0.106,51.939,19595000.0,44.667357886658,16.79078498961587,0.0
0.0,CIV,Cote d'Ivoire,2008,2.42600024388695,109.5,0.128,54.179,21514439.0,46.3620274395029,16.88423484908337,0.0
0.0,CMR,Cameroon,1992,-5.83737588435096,140.4,0.084,54.053,12006353.0,41.4395077111738,16.30094648432738,0.0
0.0,CMR,Cameroon,1996,1.4475466909911,148.1,0.074,53.2,13414757.0,43.9769773548092,16.411865927626366,0.0
1.0,CMR,Cameroon,2004,4.14782057634264,131.3,0.188,54.578,16610487.0,48.1826845960942,16.6255448008466,0.6931471805599453
0.0,COD,"Congo, Dem. Rep.",1996,-2.90765166387062,172.5,0.069,49.376,45296124.0,32.9262619269359,17.62873202387864,0.0
0.0,COD,"Congo, Dem. Rep.",2004,3.64120168828556,140.7,0.107,53.534,56997741.0,37.0,17.858522193434524,0.0
1.0,COL,Colombia,1992,2.00413314386418,33.3,0.922,68.764,33760571.0,70.4190206034906,17.334804141056107,0.6931471805599453
0.0,COL,Colombia,1996,0.213941191632387,28.8,1.095,70.209,36462745.0,72.3326212825811,17.41180161236763,0.0
1.0,COL,Colombia,2000,1.25270223212341,25.1,1.264,70.905,39089934.0,74.3493570179247,17.481375549356354,0.6931471805599453
2.0,COL,Colombia,2004,3.79715867736165,22.2,1.391,72.76,41543171.0,75.8080569479496,17.54224370956042,1.0986122886681098
2.0,COL,Colombia,2008,2.04799051810861,19.6,1.563,74.206,43758808.0,76.4596761810047,17.59420347621888,1.0986122886681098
8.0,COL,Colombia,2012,2.87569627540904,17.2,1.814,75.611,45715810.0,76.942211203265,17.637954747896842,2.1972245773362196
8.0,COL,Colombia,2016,1.08114925712198,15.1,2.088,76.228,47437512.0,77.2036266362166,17.67492386608452,2.1972245773362196
0.0,COM,Comoros,2004,1.16411909687749,68.0,0.198,60.557,580704.0,27.9596300229124,13.27199643957475,0.0
0.0,COM,Comoros,2012,1.11385857437342,52.1,0.181,63.463,681630.0,29.397950693899,13.432242267613159,0.0
0.0,COM,Comoros,2016,1.22276485365785,47.6,0.291,64.792,741741.0,30.7305018169792,13.516755404611308,0.0
0.0,CPV,Cabo Verde,1996,9.39028619703035,51.7,0.171,65.521,425581.0,50.4962228454294,12.961210573155906,0.0
0.0,CPV,Cabo Verde,2004,8.82078735562469,28.2,0.493,70.499,479370.0,57.0677167011018,13.080228020801544,0.0
0.0,CPV,Cabo Verde,2012,0.983345735610456,24.2,0.508,73.315,511955.0,63.7260454520996,13.145992009534037,0.0
0.0,CPV,Cabo Verde,2016,4.24816232606327,17.6,0.731,74.35,512554.0,68.0354078358316,13.147161350297766,0.0
31.0,CUB,Cuba,1992,-12.1393705305651,12.2,4.345,73.846,10785801.0,74.4140930175781,16.19374110486672,3.4657359027997265
25.0,CUB,Cuba,1996,7.47822503827842,10.1,5.485,74.69,10962010.0,74.784049987793,16.209946216830073,3.258096538021482
29.0,CUB,Cuba,2000,5.56315407850497,8.6,5.941,75.922,11109109.0,75.635383605957,16.22327596037998,3.4011973816621555
27.0,CUB,Cuba,2004,5.49410195800384,7.3,6.203,77.326,11238756.0,75.917681659226,16.234878720148178,3.332204510175204
24.0,CUB,Cuba,2008,4.07542754472641,6.5,6.602,77.589,11291762.0,76.365461375763,16.239583991264816,3.2188758248682006
14.0,CUB,Cuba,2012,3.00028175038565,6.0,7.26,78.162,11303175.0,76.7776920066844,16.24059421766825,2.70805020110221
11.0,CUB,Cuba,2016,0.597183645134152,6.2,8.003,77.571,11265612.0,76.9115829467773,16.237265457936044,2.4849066497880004
0.0,CYP,Cyprus,1992,6.52783779751871,10.6,1.688,76.291,810341.0,67.6074573603626,13.605210425712503,0.0
0.0,CYP,Cyprus,1996,-0.352429769131803,8.6,1.869,76.88,880290.0,68.3349402485415,13.688006677620757,0.0
0.0,CYP,Cyprus,2000,4.84416050602792,6.6,1.899,77.9,947667.0,68.7726966799379,13.761758453706085,0.0
0.0,CYP,Cyprus,2004,3.63073785684536,5.0,1.898,79.007,1017875.0,68.5908141437316,13.833227678769433,0.0
0.0,CYP,Cyprus,2008,1.07674041142521,3.7,2.007,79.906,1091026.0,67.8666261318649,13.902629095878634,0.0
1.0,CYP,Cyprus,2012,-4.90738549673117,3.0,2.236,81.128,1165397.0,67.3010289148738,13.968572359464355,0.6931471805599453
0.0,CYP,Cyprus,2016,6.01835711404337,2.9,2.594,81.534,1237112.0,66.9625604106231,14.028290188908962,0.0
11.0,CZE,Czechia,1996,4.28988759442122,7.7,2.99,73.7146341463415,10315241.0,74.5566488007996,16.149133068247515,2.4849066497880004
8.0,CZE,Czechia,2000,4.3027395227283,5.5,3.38,74.9682926829268,10255063.0,74.0038256456769,16.14328209281446,2.1972245773362196
9.0,CZE,Czechia,2004,4.70446820099657,4.6,3.499,75.7219512195122,10197101.0,73.6991647167017,16.13761402217129,2.302585092994046
6.0,CZE,Czechia,2008,1.76470872925512,3.7,3.558,76.9756097560976,10384603.0,73.4655517409377,16.155834786347864,1.9459101490553132
10.0,CZE,Czechia,2012,-0.909418387644408,3.2,3.676,78.0756097560976,10510785.0,73.2249239592898,16.167912430834612,2.3978952727983707
10.0,CZE,Czechia,2016,2.3840542545404,3.2,4.0194,79.0268292682927,10566332.0,72.9745753395623,16.173183277753544,2.3978952727983707
0.0,DMA,Dominica,1996,3.1918365192295,18.4,0.493,71.039,69410.0,64.9502179888262,11.14778622833363,0.0
1.0,DOM,Dominican Republic,1984,-1.02994061516465,74.8,0.564,65.134,6289040.0,53.399614337093,15.65431899381707,0.6931471805599453
0.0,DOM,Dominican Republic,1988,0.0218847754761811,64.4,1.074,66.914,6855734.0,54.4487152766372,15.740595940374064,0.0
0.0,DOM,Dominican Republic,2000,2.96955695961634,39.8,1.825,70.365,8584190.0,61.3128549215919,15.965432697250883,0.0
2.0,DOM,Dominican Republic,2008,2.00088270726057,35.4,1.085,71.331,9573130.0,72.4865154265802,16.07447077369631,1.0986122886681098
0.0,ECU,Ecuador,1992,-0.0134164931923948,48.6,1.176,69.468,10930128.0,56.3627931231524,16.207033570971614,0.0
1.0,ECU,Ecuador,1996,-0.166942955094115,38.2,1.303,71.82,11810950.0,58.7951345734834,16.284537625243225,0.6931471805599453
0.0,ECU,Ecuador,2000,-0.648225387551591,29.6,0.812,72.09,12689206.0,60.6865005107058,16.356262268781123,0.0
0.0,ECU,Ecuador,2004,4.9766254911447,24.6,0.884,73.868,13608701.0,61.7829573274038,16.426219925546448,0.0
1.0,ECU,Ecuador,2008,4.76318326284088,21.0,1.096,74.709,14575202.0,62.5395521004212,16.49483214945299,0.6931471805599453
0.0,ECU,Ecuador,2012,4.11233799510666,17.4,1.561,75.486,15572194.0,62.8408732819135,16.560997445893292,0.0
0.0,ECU,Ecuador,2016,-2.12550882201938,14.8,2.055,76.094,16505139.0,62.9913367571804,16.619182344924365,0.0
3.0,EGY,"Egypt, Arab Rep.",2016,2.24497375649698,22.4,0.763,70.437,101644589.0,42.5210717266225,18.43699286494445,1.3862943611198906
0.0,ERI,Eritrea,2000,-4.61837133772084,85.3,0.045,56.285,2247031.0,34.0983619689941,14.625120347244975,0.0
1.0,ERI,Eritrea,2004,-2.6238903510386,70.5,0.055,60.063,2598284.0,34.9324645996094,14.770361785095831,0.6931471805599453
0.0,ERI,Eritrea,2008,-12.1248431632963,59.4,0.045,62.422,2816327.0,35.4897117614746,14.850944111677505,0.0
22.0,ESP,Spain,1992,0.436115155748553,8.3,4.126,77.41,39157685.0,75.1991108679216,17.483107257433787,3.1354942159291497
17.0,ESP,Spain,1996,2.18092390343854,6.5,2.724,78.1204878048781,39889852.0,75.6972244638181,17.501632513671648,2.8903717578961645
11.0,ESP,Spain,2000,4.73130032942612,5.4,3.101,78.9658536585366,40567864.0,76.1650552349602,17.518486784055394,2.4849066497880004
20.0,ESP,Spain,2004,1.35058688382759,4.9,3.419,79.8707317073171,42921895.0,76.9549627547133,17.574892626662635,3.044522437723423
18.0,ESP,Spain,2008,-0.827648476802253,4.2,3.523,81.1756097560976,45954106.0,78.0421438998777,17.643153760771607,2.9444389791664403
17.0,ESP,Spain,2012,-2.92815897770406,3.6,3.804,82.4268292682927,46773055.0,78.8455680301618,17.66081784721818,2.8903717578961645
17.0,ESP,Spain,2016,2.83577124069477,3.3,3.803,83.3292682926829,46458139.0,79.3615955277997,17.65406222854216,2.8903717578961645
2.0,EST,Estonia,1992,-19.7174331457865,17.3,3.249,68.8634146341464,1533091.0,70.5333354332329,14.242796516822766,1.0986122886681098
0.0,EST,Estonia,1996,6.50278220805234,14.8,3.107,69.6121951219512,1415594.0,68.4475740642067,14.163059788959016,0.0
3.0,EST,Estonia,2000,9.55642258870186,11.0,2.942,70.4170731707317,1396985.0,67.385529072627,14.149826900887252,1.3862943611198906
3.0,EST,Estonia,2004,7.44108988454812,7.8,3.023,71.909756097561,1362550.0,67.467351453949,14.124868502093916,1.3862943611198906
2.0,EST,Estonia,2008,-4.87057915292706,5.4,3.342,73.7707317073171,1337090.0,67.6696980194394,14.106006168702605,1.0986122886681098
2.0,EST,Estonia,2012,4.04377186018716,3.9,3.284,76.3268292682927,1322696.0,67.9629593320316,14.09518263589223,1.0986122886681098
1.0,EST,Estonia,2016,3.06301090349199,3.0,3.457,77.6414634146342,1315790.0,68.724038178078,14.089947803665954,0.6931471805599453
4.0,ETH,Ethiopia,1980,5.83727167777019,240.4,0.011,42.815,34428514.0,10.3746114737509,17.35439567434843,1.6094379124341003
3.0,ETH,Ethiopia,1996,8.77685691778561,165.8,0.025,48.697,59467635.0,14.102746963501,17.900942772941782,1.3862943611198906
8.0,ETH,Ethiopia,2000,2.86806618904541,140.4,0.021,50.88,67411494.0,14.9193096160889,18.026326095467873,2.1972245773362196
7.0,ETH,Ethiopia,2004,10.221815108184,115.0,0.026,53.735,76077206.0,15.7585906982422,18.147259251026522,2.0794415416798357
7.0,ETH,Ethiopia,2008,7.62786742867665,92.3,0.024,57.733,85543668.0,16.7936706542969,18.264537540367424,2.0794415416798357
5.0,FIN,Finland,1992,-3.85315295201346,6.1,3.149,75.4553658536585,5041992.0,64.0954742431641,15.433311800056789,1.791759469228055
4.0,FIN,Finland,1996,3.32316149378687,4.9,2.26,76.6934146341464,5124573.0,65.2098222301322,15.449557762444515,1.6094379124341003
4.0,FIN,Finland,2000,5.53441379935349,4.3,2.499,77.4658536585366,5176209.0,67.1227685349539,15.459583493018465,1.6094379124341003
2.0,FIN,Finland,2004,3.70383750334673,3.9,3.653,78.7146341463415,5228172.0,68.2766596767133,15.469572252955532,1.0986122886681098
4.0,FIN,Finland,2008,0.316320525705208,3.3,3.742,79.5682926829268,5313399.0,69.2943672196361,15.485742301427535,1.6094379124341003
3.0,FIN,Finland,2012,-1.99029082999297,2.8,3.556,80.6268292682927,5413971.0,70.3661363168712,15.504493392658846,1.3862943611198906
1.0,FIN,Finland,2016,2.27754373131673,2.4,3.42,81.4292682926829,5495303.0,71.6158383428171,15.519404285336954,0.6931471805599453
9.0,FRA,France,1976,3.89596423761951,14.4,1.5,73.1024390243903,54232383.0,73.0820015754495,17.80878876031907,2.302585092994046
14.0,FRA,France,1980,1.13499020458092,12.4,1.9,74.0512195121951,55274184.0,73.2481970470056,17.827816522047936,2.70805020110221
28.0,FRA,France,1984,1.11432810235115,10.7,2.5,75.0,56383085.0,73.487468496869,17.847679760138366,3.367295829986474
16.0,FRA,France,1988,4.21003285861991,9.6,2.9,76.1,57598186.0,73.8329418235332,17.869001632114646,2.833213344056216
29.0,FRA,France,1992,1.01174283165568,8.1,3.184,77.1,58846584.0,74.4051122960444,17.890444344106477,3.4011973816621555
37.0,FRA,France,1996,1.03528502888366,6.1,3.283,77.9536585365854,59754504.0,75.3592581297959,17.905755126688046,3.6375861597263857
38.0,FRA,France,2000,3.42869029655284,5.4,3.328,79.0560975609756,60918661.0,76.5143983146093,17.925050106104244,3.6635616461296463
33.0,FRA,France,2004,2.11736543407739,4.8,3.413,80.1634146341463,62707588.0,77.4900500011961,17.953993019014383,3.5263605246161616
41.0,FRA,France,2008,-0.178410661195599,4.4,3.385,81.2146341463415,64375116.0,77.1561901569367,17.980237718888297,3.7376696182833684
35.0,FRA,France,2012,-0.299598729272304,4.1,3.139,81.9682926829268,65657659.0,77.1669464919916,17.9999648160363,3.58351893845611
42.0,FRA,France,2016,0.594243752389232,4.2,3.2,82.5731707317073,66724104.0,78.5999114705779,18.01607682491442,3.7612001156935624
0.0,FSM,"Micronesia, Fed. Sts.",2000,4.28467728576419,38.6,0.571,64.317,112044.0,22.3299999237061,11.626646930271926,0.0
0.0,FSM,"Micronesia, Fed. Sts.",2008,-1.73931186268365,35.4,0.588,64.849,108936.0,22.3111192453232,11.598515832804411,0.0
0.0,FSM,"Micronesia, Fed. Sts.",2012,-1.86916426162232,32.5,0.667,65.08,107890.0,22.2942568788425,11.588867468545386,0.0
0.0,GAB,Gabon,1988,9.74962687560345,88.2,0.246,60.398,931020.0,66.3848281228557,13.744036038305584,0.0
0.0,GAB,Gabon,2004,-2.09108844494591,66.0,0.278,62.694,1421609.0,82.7355438220611,14.167299886697306,0.0
0.0,GAB,Gabon,2008,-6.37298501256997,57.7,0.0968,64.011,1607175.0,85.2437672472316,14.289988537359392,0.0
0.0,GAB,Gabon,2016,-0.79183198007,42.4,0.34,66.583,2100306.0,88.5445883406178,14.55759360636407,0.0
13.0,GBR,United Kingdom,1976,2.82995299273523,17.2,1.2,72.7756097560976,56211968.0,77.8040897463968,17.844640245929146,2.6390573296152584
20.0,GBR,United Kingdom,1992,1.0211660302119,8.2,1.64,76.4341463414634,57580402.0,78.1549335902337,17.868692824714763,3.044522437723423
15.0,GBR,United Kingdom,1996,2.35396378671228,7.0,1.791,77.0878048780488,58166950.0,78.8961449050823,17.878827881986954,2.772588722239781
28.0,GBR,United Kingdom,2000,4.15158061382745,6.5,1.987,77.7414634146342,58892514.0,79.8241408315172,17.891224543770143,3.367295829986474
30.0,GBR,United Kingdom,2004,1.74549468873848,6.1,2.324,78.7463414634146,59987905.0,80.3423284929998,17.90965351653239,3.4339872044851463
48.0,GBR,United Kingdom,2008,-0.832967942760902,5.6,2.559,79.6,61806995.0,80.7547673906116,17.93952710372494,3.8918202981106265
65.0,GBR,United Kingdom,2012,0.807661642969506,4.8,2.69,80.9048780487805,63711000.0,81.2905667759508,17.969867790092547,4.189654742026425
67.0,GBR,United Kingdom,2016,1.39799087279013,4.4,2.773,81.1560975609756,65607000.0,82.0229991698295,17.999192955538568,4.219507705176107
2.0,GEO,Georgia,1996,15.3128352453698,43.6,3.086,70.637,4491699.0,53.3941759015751,15.317741584581086,1.0986122886681098
6.0,GEO,Georgia,2000,3.84018024327052,36.3,3.867,70.091,4077131.0,52.4935999592259,15.220904112754404,1.9459101490553132
4.0,GEO,Georgia,2004,6.44984993877193,26.0,3.96,71.011,3927340.0,52.7173199317225,15.183472909898887,1.6094379124341003
6.0,GEO,Georgia,2008,2.7332346709434,17.2,4.205,70.949,3848449.0,54.2232719833673,15.16318076795237,1.9459101490553132
7.0,GEO,Georgia,2012,7.36675215463949,12.1,4.75,72.672,3728874.0,56.1683526759979,15.13161686937046,2.0794415416798357
7.0,GEO,Georgia,2016,3.38835328316745,10.2,6.351,73.136,3727505.0,57.6984032005062,15.131249667001754,2.0794415416798357
0.0,GHA,Ghana,1984,5.8786494701893,159.0,0.067,52.232,13370590.0,32.1104883606371,16.408568076750708,0.0
0.0,GHA,Ghana,1996,2.18761953564251,112.9,0.062,56.957,17810181.0,40.8143452217336,16.695280818044075,0.0
0.0,GHA,Ghana,2004,2.83982995857866,85.2,0.148,59.316,21868298.0,46.7572004525685,16.90054856612203,0.0
0.0,GHA,Ghana,2008,6.41466992518754,73.1,0.077,60.578,24249946.0,49.4708679942306,17.00392494854116,0.0
0.0,GHA,Ghana,2012,6.67974740594653,60.2,0.093,61.995,26734268.0,51.9197918381031,17.101456746150973,0.0
0.0,GHA,Ghana,2016,1.04704406736222,50.2,0.123,63.522,29356742.0,54.167052758274,17.19503278825081,0.0
0.0,GUY,Guyana,1984,-4.81035981891441,67.4,0.165,61.255,774111.0,29.5222629148087,13.559470553142225,0.0
0.0,GUY,Guyana,2000,-1.40881252207762,46.5,0.479,64.075,764832.0,28.7610390578913,13.547411480848202,0.0
22.0,HUN,Hungary,1976,3.03157554475959,32.3,2.3,69.5731707317073,10598677.0,56.7982604503868,16.176239739971958,3.1354942159291497
32.0,HUN,Hungary,1980,0.134797306949679,23.7,2.3,69.0617073170732,10711122.0,57.9173769651817,16.18679319884155,3.4965075614664802
23.0,HUN,Hungary,1988,0.0880272078164666,18.7,2.7,70.0234146341463,10596487.0,60.360508071119,16.176033089057835,3.1780538303479458
30.0,HUN,Hungary,1992,-3.02623555314709,15.7,3.006,69.1170731707317,10369341.0,61.6475605980383,16.15436402948824,3.4339872044851463
21.0,HUN,Hungary,1996,0.27332748929139,11.9,3.4,70.3287804878049,10311238.0,62.9536297314429,16.148744926378974,3.091042453358316
17.0,HUN,Hungary,2000,4.68094650632939,10.1,3.012,71.2463414634146,10210971.0,64.2602344392211,16.138973288459212,2.8903717578961645
17.0,HUN,Hungary,2004,5.19581258967388,8.0,3.344,72.6487804878049,10107146.0,65.0225372314453,16.12875325638632,2.8903717578961645
10.0,HUN,Hungary,2008,1.17042884387347,6.5,3.097,73.7024390243903,10038188.0,68.0976986078883,16.121907177852076,2.3978952727983707
18.0,HUN,Hungary,2012,-0.828646515876528,5.7,3.09,75.0634146341463,9920362.0,69.5772326660156,16.110099970530726,2.9444389791664403
15.0,HUN,Hungary,2016,2.83749039789862,4.7,3.212,76.0634146341464,9759755.0,70.4733810424805,16.093777855615187,2.772588722239781
1.0,IND,India,1980,4.22047070988454,169.1,0.371,53.593,687354025.0,23.5084873816783,20.348360037687648,0.6931471805599453
0.0,IND,India,1984,1.41351916765689,150.3,0.396,55.813,754875449.0,24.4606633455594,20.442063325392628,0.0
0.0,IND,India,1988,7.18812237907234,134.2,0.407,57.744,827342990.0,25.2023168909072,20.533729907031276,0.0
2.0,IND,India,2016,6.97394690929247,41.1,0.748,69.709,1343944296.0,32.8650780972823,21.01887463175987,1.0986122886681098
2.0,IRL,Ireland,1992,2.64060735516456,8.1,1.994,75.4150975609756,3558430.0,57.2482078114213,15.084829994318202,1.0986122886681098
4.0,IRL,Ireland,1996,6.53331318104139,7.3,2.095,75.8317073170732,3637510.0,58.1743161677665,15.106809939599,1.6094379124341003
1.0,IRL,Ireland,2000,7.95480656981979,7.2,2.219,76.5365853658537,3805174.0,59.1247997891425,15.151872277535919,0.6931471805599453
0.0,IRL,Ireland,2004,4.85345751357542,5.6,2.74,78.5390243902439,4070262.0,60.1994750854288,15.219217928811268,0.0
3.0,IRL,Ireland,2008,-6.41164613131696,4.4,3.952,80.0951219512195,4489544.0,61.3581903884996,15.317261695540926,1.3862943611198906
5.0,IRL,Ireland,2012,-0.826164036751607,4.0,3.949,80.8463414634146,4599533.0,62.2529318511038,15.341465334566513,1.791759469228055
2.0,IRL,Ireland,2016,-0.0687294094505688,3.6,3.193,81.6536585365854,4762722.0,62.7229399123734,15.376329911503914,1.0986122886681098
0.0,IRQ,Iraq,1980,20.8838349579151,72.3,0.563,60.916,13591992.0,66.0064583480416,16.424991353752212,0.0
0.0,IRQ,Iraq,2004,49.0738525824483,40.7,0.658,64.634,27577878.0,68.2202223846538,17.13252448755795,0.0
0.0,IRQ,Iraq,2016,11.0984155585203,28.4,0.707,68.683,38469627.0,69.9123778259643,17.465379578814563,0.0
0.0,ISL,Iceland,1976,4.91254750217661,12.2,1.9,76.9721951219512,220154.0,87.1798782348633,12.302082580448772,0.0
0.0,ISL,Iceland,1980,4.63406747563735,9.7,2.1,76.8465853658537,228138.0,88.0869979858398,12.337705987996605,0.0
1.0,ISL,Iceland,1984,3.02744364387033,7.9,2.4,77.5765853658537,239511.0,89.1222763061523,12.38635462379719,0.6931471805599453
0.0,ISL,Iceland,1988,-1.64234779846751,6.7,2.7,77.0829268292683,249740.0,90.1216888427734,12.428175655669136,0.0
0.0,ISL,Iceland,1992,-4.58053143553516,5.8,2.953,78.760243902439,261057.0,91.145637512207,12.472494053265628,0.0
0.0,ISL,Iceland,1996,3.93497734946855,4.9,3.119,78.7778048780488,268916.0,91.8401641845703,12.502154342160287,0.0
1.0,ISL,Iceland,2000,3.47861640541853,4.0,3.441,79.6536585365854,281205.0,91.9674192031642,12.546839219699402,0.6931471805599453
0.0,ISL,Iceland,2004,6.68188294901493,3.3,4.192,80.9975609756098,292074.0,92.4377293375354,12.584762473801348,0.0
1.0,ISL,Iceland,2008,-0.174091482130947,2.8,3.641,81.609756097561,317414.0,93.0646442174216,12.667962194482293,0.6931471805599453
0.0,ISL,Iceland,2012,0.632418770044652,2.6,3.56,82.9170731707317,320716.0,93.514892578125,12.678311275300475,0.0
0.0,ISL,Iceland,2016,4.75387973177391,2.6,3.85,82.2048780487805,335439.0,93.7822647094726,12.723195400681126,0.0
2.0,ISR,Israel,1992,4.09927943070052,10.4,3.655,76.5048780487805,5123000.0,90.6099902925991,15.44925076292134,1.0986122886681098
1.0,ISR,Israel,1996,3.10605874021471,8.2,3.685,78.1048780487805,5692000.0,90.9329267580104,15.55457223819188,0.6931471805599453
1.0,ISR,Israel,2000,5.75056411535006,6.9,3.697,78.9536585365854,6289000.0,91.2809653237465,15.65431263352564,0.6931471805599453
2.0,ISR,Israel,2004,2.81436914832607,5.8,3.67,80.1463414634146,6809000.0,91.5829008110251,15.733755824465105,1.0986122886681098
1.0,ISR,Israel,2008,1.40446742128471,4.9,3.52,80.9512195121951,7308800.0,91.7292868898136,15.80458965956372,0.6931471805599453
0.0,ISR,Israel,2012,0.573190077448643,4.3,3.503,81.7048780487805,7910500.0,91.7276502819515,15.883701548871256,0.0
2.0,ISR,Israel,2016,2.4319477135746,3.8,3.422,82.4073170731707,8546000.0,91.6894623646632,15.960973895186108,1.0986122886681098
19.0,ITA,Italy,1992,0.765807563298623,8.9,5.678,77.419512195122,56797087.0,66.7046939025797,17.85499559716498,2.995732273553991
35.0,ITA,Italy,1996,1.31710619734164,7.0,3.878,78.5219512195122,56860281.0,66.8793923102889,17.85610760613763,3.58351893845611
34.0,ITA,Italy,2000,3.83504714661416,5.6,3.424,79.7780487804878,56942108.0,67.1932283786243,17.85754566055495,3.5553480614894135
32.0,ITA,Italy,2004,0.721242547682493,4.6,3.667,80.7804878048781,57828179.0,67.5072499739908,17.872986740791998,3.4965075614664802
27.0,ITA,Italy,2008,-1.7836019705945,4.1,3.74,81.4853658536585,59211181.0,67.9071958431441,17.896620950264115,3.332204510175204
28.0,ITA,Italy,2012,-3.38984189684089,3.8,3.81,82.2390243902439,60191247.0,68.7608794235259,17.91303750103654,3.367295829986474
28.0,ITA,Italy,2016,1.42884453159633,3.4,3.963,83.2439024390244,60115223.0,69.5969232525286,17.91177366194095,3.367295829986474
3.0,JAM,Jamaica,1984,-2.83493397320355,33.2,0.489,69.809,2264562.0,48.319534412407,14.632891920715991,1.3862943611198906
9.0,JAM,Jamaica,2008,-1.24242279776804,19.2,0.405,71.502,2725635.0,53.3674108497524,14.81821198645572,2.302585092994046
12.0,JAM,Jamaica,2012,-1.04151903293869,18.9,0.363,72.405,2772430.0,54.2478817703732,14.83523474991678,2.5649493574615367
11.0,JAM,Jamaica,2016,2.49050959451111,18.6,0.471,72.052,2809915.0,55.549259277615,14.848664791742095,2.4849066497880004
0.0,JOR,Jordan,1980,7.18849704860732,54.8,0.786,66.493,2234186.0,59.8270666521535,14.619387513874205,0.0
0.0,JOR,Jordan,1984,-0.319725177301962,45.5,1.159,68.206,2654688.0,65.6984901777058,14.791837691628556,0.0
0.0,JOR,Jordan,2000,2.10734677821851,25.8,1.778,71.926,5386945.0,78.2848247546539,15.499488991846304,0.0
0.0,JOR,Jordan,2004,5.97888573730077,22.7,1.938,72.788,5882061.0,78.3185350370311,15.58741776866454,0.0
0.0,JOR,Jordan,2008,4.72560086199387,20.0,2.085,73.563,6989866.0,80.1290966207551,15.759971943783038,0.0
25.0,JPN,Japan,1976,2.86677809766631,12.5,1.1,74.6865853658537,112775000.0,75.9718496490584,18.540905241258734,3.258096538021482
22.0,JPN,Japan,1992,0.526745036286385,6.1,1.703,79.080243902439,124425000.0,77.6108029675096,18.639213682708892,3.1354942159291497
14.0,JPN,Japan,1996,2.90014123428134,5.5,1.837,80.219756097561,125757000.0,78.1374047267253,18.649862031398804,2.70805020110221
18.0,JPN,Japan,2000,2.59289108643961,4.5,1.931,81.0760975609756,126843000.0,78.6126803295375,18.658460659199566,2.9444389791664403
37.0,JPN,Japan,2004,2.15172332915763,3.9,2.029,82.030243902439,127761000.0,84.3710541898905,18.665671889016355,3.6375861597263857
25.0,JPN,Japan,2008,-1.27210994875956,3.4,2.146,82.5875609756098,128063000.0,89.2921563808851,18.668032888299354,3.258096538021482
38.0,JPN,Japan,2012,1.53678665868971,3.1,2.283,83.0960975609756,127629000.0,91.0265277326652,18.664638175779704,3.6635616461296463
41.0,JPN,Japan,2016,0.805362824501671,2.7,2.423,83.9848780487805,127076000.0,91.4541254852142,18.66029589063476,3.7376696182833684
11.0,KAZ,Kazakhstan,1996,2.42544484330412,51.6,3.53,63.455,16416027.0,56.6232468416365,16.613768671688124,2.4849066497880004
7.0,KAZ,Kazakhstan,2000,9.47962640033421,42.5,3.158,63.793,15501103.0,56.0239607657944,16.556421740647952,2.0794415416798357
8.0,KAZ,Kazakhstan,2004,8.88930817801581,33.3,3.455,65.04,15850159.0,54.9200902244233,16.578690089782988,2.1972245773362196
13.0,KAZ,Kazakhstan,2008,2.23526924918258,24.7,3.588,66.759,16426525.0,54.1287736358813,16.61440796429593,2.6390573296152584
13.0,KAZ,Kazakhstan,2012,3.34601033412712,16.3,3.786,69.939,17306106.0,54.69208192838,16.6665699451734,2.6390573296152584
18.0,KAZ,Kazakhstan,2016,-0.438395201172128,11.0,3.707,72.549,18363600.0,56.7476265001667,16.725881002367128,2.9444389791664403
15.0,KEN,Kenya,2008,-2.7588645638462,58.2,0.169,59.955,39206351.0,31.4230276259143,17.484349306943752,2.772588722239781
11.0,KEN,Kenya,2012,1.87670753904403,51.2,0.184,61.537,43888303.0,31.8558130142761,17.597158396072984,2.4849066497880004
0.0,KGZ,Kyrgyz Republic,1996,5.51161045842127,61.7,3.128,66.5439024390244,4628438.0,35.830952932877,15.34773000413124,0.0
1.0,KGZ,Kyrgyz Republic,2000,4.19610604345162,50.8,1.803,68.5585365853659,4898362.0,35.3216067847574,15.404411421480646,0.6931471805599453
0.0,KGZ,Kyrgyz Republic,2004,5.73937835827032,41.2,1.984,68.1536585365854,5104713.0,35.3058886953128,15.445674788607782,0.0
2.0,KGZ,Kyrgyz Republic,2008,7.37554930252675,33.7,1.892,68.4512195121951,5318729.0,35.2897130588983,15.486744922999904,1.0986122886681098
0.0,KGZ,Kyrgyz Republic,2012,-1.95288116304553,26.0,1.878,70.0024390243902,5652076.0,35.218916221918,15.547533469263737,0.0
0.0,KGZ,Kyrgyz Republic,2016,2.04985149948004,21.1,1.853,70.9512195121951,6175338.0,35.0515747230627,15.636074175822413,0.0
0.0,KIR,Kiribati,2008,-4.98978666488051,59.3,0.24,65.746,104222.0,45.9461325515373,11.554278518453707,0.0
19.0,KOR,"Korea, Rep.",1984,9.27971886036099,27.0,0.6,68.1951219512195,40405956.0,63.149438472478,17.514487757807846,2.995732273553991
33.0,KOR,"Korea, Rep.",1988,11.0405571742325,18.7,0.7,70.5487804878049,42031247.0,70.5877839860655,17.55392387582502,3.5263605246161616
28.0,KOR,"Korea, Rep.",1992,5.25214973420644,13.3,0.949,72.4975609756098,43747962.0,76.1960694185519,17.59395558682574,3.367295829986474
27.0,KOR,"Korea, Rep.",1996,6.9664053263099,9.8,1.169,74.1512195121951,45524681.0,78.7508147919442,17.63376517641446,3.332204510175204
28.0,KOR,"Korea, Rep.",2000,8.29254041446951,7.5,1.302,75.909756097561,47008111.0,79.579960745642,17.665830719253158,3.367295829986474
30.0,KOR,"Korea, Rep.",2004,4.7675860552671,6.0,1.577,77.6658536585366,48082519.0,81.104386778171,17.688429238665744,3.4339872044851463
31.0,KOR,"Korea, Rep.",2008,2.22523680909987,4.5,1.872,79.5170731707317,49054708.0,81.8350833138518,17.70844672305962,3.4657359027997265
28.0,KOR,"Korea, Rep.",2012,2.00997301929048,3.8,2.099,80.819512195122,50199853.0,81.9087898200378,17.731522656370817,3.367295829986474
21.0,KOR,"Korea, Rep.",2016,2.76290075939411,3.4,2.29,82.2756097560976,51217803.0,81.5559241797057,17.75159774441469,3.091042453358316
0.0,LAO,Lao PDR,2000,4.03726532497247,107.5,0.279,58.317,5431212.0,22.1840964350091,15.507672871423607,0.0
0.0,LAO,Lao PDR,2004,4.81831567317876,90.8,0.346,60.08,5781626.0,26.5371091732139,15.570195515965843,0.0
0.0,LAO,Lao PDR,2012,6.49513527103458,61.5,0.321,65.126,6518978.0,31.7422801040872,15.690228173150253,0.0
0.0,LAO,Lao PDR,2016,5.36288912313843,50.9,0.371,67.014,6908802.0,33.8267455533474,15.748306808788456,0.0
0.0,LBR,Liberia,2004,1.4054000654278,143.1,0.033,55.949,3156892.0,45.4344781497244,14.965098557262218,0.0
0.0,LBR,Liberia,2008,2.88473943454363,112.6,0.013,58.675,3821003.0,47.1080497871025,15.156023511563511,0.0
0.0,LBR,Liberia,2016,-3.54590251888713,88.3,0.049,60.483,4755608.0,51.2687310234384,15.37483511119238,0.0
0.0,LCA,St. Lucia,2004,6.44252113072108,18.3,0.4203,72.453,164239.0,24.8459172882296,12.009077963023524,0.0
0.0,LCA,St. Lucia,2012,-0.563683330885993,17.8,2.19,72.86,172587.0,18.6193081275177,12.058656736139021,0.0
0.0,LCA,St. Lucia,2016,2.9915396739198,17.2,5.672,72.552,175646.0,20.8164880000551,12.076225884875608,0.0
2.0,LTU,Lithuania,1992,-21.1734221345262,17.8,3.586,70.2343902439025,3700114.0,67.5609840319184,15.123874187950621,1.0986122886681098
1.0,LTU,Lithuania,1996,5.82855284120009,13.4,3.72,70.1080487804878,3601613.0,67.2663125852689,15.096892358634976,0.6931471805599453
5.0,LTU,Lithuania,2000,4.14861792867285,10.7,3.626,72.0195121951219,3499536.0,66.9768374826555,15.068140946242702,1.791759469228055
3.0,LTU,Lithuania,2004,7.70478467031737,9.3,3.627,71.9609756097561,3377075.0,66.6022567749023,15.032520508182385,1.3862943611198906
5.0,LTU,Lithuania,2008,3.66012476803633,7.4,3.881,71.8121951219512,3198231.0,66.7527770996094,14.978108402412788,1.791759469228055
5.0,LTU,Lithuania,2012,5.74397608423232,5.3,4.218,73.8634146341464,2989139.0,66.8536758422852,14.910495944032245,1.791759469228055
4.0,LTU,Lithuania,2016,3.87744054624235,4.9,4.466,74.6707317073171,2877325.0,67.1894226074219,14.872371601047618,1.6094379124341003
0.0,LUX,Luxembourg,1976,2.02809658023895,15.8,1.3,70.2204146341464,360731.0,78.3242927185128,12.795887807196438,0.0
0.0,LUX,Luxembourg,1980,0.482551649492024,13.4,1.7,72.2581707317073,364150.0,80.3023848276065,12.805321149646062,0.0
0.0,LUX,Luxembourg,1984,6.07785079672442,11.6,1.7,72.5807073170732,365998.0,80.6484573199055,12.810383147887698,0.0
0.0,LUX,Luxembourg,1988,7.6791083604264,9.7,1.9,74.1201951219512,373450.0,80.7996431570829,12.830539405785213,0.0
0.0,LUX,Luxembourg,1992,0.476077518162256,7.8,2.077,75.7707317073171,392175.0,81.2001998208798,12.879463447724442,0.0
0.0,LUX,Luxembourg,1996,0.027252339399638,6.0,2.315,76.519512195122,414225.0,82.6176360369709,12.934164583437498,0.0
0.0,LUX,Luxembourg,2000,5.5104089136417,4.7,2.151,77.8731707317073,436300.0,84.4182155177842,12.986085359111701,0.0
0.0,LUX,Luxembourg,2004,2.76088619019987,3.7,2.422,79.1219512195122,458095.0,85.9799097226846,13.034831865167812,0.0
0.0,LUX,Luxembourg,2008,-2.066473342352,3.0,2.716,80.5390243902439,488650.0,87.6037664162874,13.099401765766983,0.0
0.0,LUX,Luxembourg,2012,-0.762183314011807,2.7,2.807,81.3926829268293,530946.0,89.4405768017292,13.182415600137544,0.0
0.0,LUX,Luxembourg,2016,2.73979148676671,2.5,2.884,82.6853658536585,582014.0,91.5357090052649,13.274249781407077,0.0
3.0,MAR,Morocco,1988,9.74037643742669,88.6,0.214,61.231,23500524.0,46.9474945068359,16.972533276738133,1.3862943611198906
3.0,MAR,Morocco,2004,3.20713471239438,43.6,0.534,68.272,29953018.0,54.9787569660869,17.21514064539556,1.3862943611198906
2.0,MDA,Moldova,1996,-5.68841796095853,38.5,3.511,66.248,2947293.0,45.0867500305176,14.896397679919858,1.0986122886681098
2.0,MDA,Moldova,2000,2.31558560482232,31.3,2.437,67.462,2924668.0,40.4185981750488,14.888691527932492,1.0986122886681098
0.0,MDA,Moldova,2004,7.66608705336095,21.6,2.247,68.017,2896023.0,39.4460945129395,14.878848974445157,0.0
1.0,MDA,Moldova,2008,8.00539195483559,17.7,2.623,69.0,2868833.0,39.3710708618164,14.86941588483433,0.6931471805599453
2.0,MDA,Moldova,2012,-0.576700868382531,16.3,2.889,70.344,2860324.0,39.3614196777344,14.866445463092868,1.0986122886681098
0.0,MDA,Moldova,2016,5.87017576429136,15.3,3.239,70.179,2803186.0,39.7373237609863,14.846267185419501,0.0
0.0,MDV,Maldives,1996,5.51602988994901,57.4,0.66,67.734,262347.0,25.7015358485339,12.477423333943701,0.0
0.0,MDV,Maldives,2004,4.19516512399211,27.0,1.002,73.008,301413.0,32.8541942827704,12.616236696294804,0.0
0.0,MDV,Maldives,2016,2.73896015037067,9.2,1.32,78.913,443308.0,38.9560872317815,13.002020067039968,0.0
1.0,MEX,Mexico,1992,1.6256225611147,41.2,1.333,69.663,86044809.0,72.2406081339013,18.270378753409958,0.6931471805599453
1.0,MEX,Mexico,1996,4.39127291010242,34.0,1.664,71.088,92452702.0,73.6269922663634,18.342207741979298,0.6931471805599453
6.0,MEX,Mexico,2000,3.42140514214798,28.1,1.631,72.562,98625552.0,74.9203113970256,18.406840934072825,1.9459101490553132
4.0,MEX,Mexico,2004,2.16106229645384,23.6,1.655,73.432,104394131.0,76.3274397419019,18.46368401535751,1.6094379124341003
3.0,MEX,Mexico,2008,-0.519889925183975,20.4,1.957,73.695,110374288.0,76.5090428271033,18.519387766131466,1.3862943611198906
7.0,MEX,Mexico,2012,2.1573183045698,17.9,2.12,74.128,116818208.0,76.6585199140734,18.57612950661971,2.0794415416798357
5.0,MEX,Mexico,2016,0.790955216102532,15.7,2.345,74.376,122251351.0,77.4405087351486,18.621589737382937,1.791759469228055
0.0,MHL,Marshall Islands,2012,-0.35386854623583,38.2,0.467,64.776,51419.0,74.2705132518924,10.847763032945046,0.0
0.0,MKD,North Macedonia,1996,0.480270787981112,21.2,2.218,72.4951219512195,2012553.0,59.6584367661814,14.514914623331812,0.0
1.0,MKD,North Macedonia,2000,4.07405080631071,15.9,2.166,72.9463414634147,2026350.0,58.4918382392587,14.521746703065936,0.6931471805599453
0.0,MKD,North Macedonia,2004,5.01357406752894,14.2,2.152,73.5975609756098,2016186.0,57.8527941292946,14.51671816582229,0.0
0.0,MKD,North Macedonia,2008,6.08402471253315,11.7,2.59,74.4,1971493.0,57.9593566737547,14.494301681697523,0.0
0.0,MKD,North Macedonia,2012,-0.0653472343038857,10.2,2.839,74.9024390243903,1929821.0,58.3924217811729,14.472937810465892,0.0
0.0,MKD,North Macedonia,2016,3.1782257470099,10.8,3.166,75.4,1906313.0,59.3823070989891,14.460681567972074,0.0
0.0,MLI,Mali,1980,-6.29825711883754,301.5,0.039,40.266,7530515.0,14.049924155769,15.834473990531665,0.0
0.0,MLI,Mali,1988,8.88871132863245,241.6,0.054,45.72,8833996.0,16.213291043119,15.99411801834249,0.0
0.0,MLI,Mali,1996,4.09767423146987,208.1,0.063,48.5,10407278.0,17.8491309532752,16.158015927052684,0.0
0.0,MLI,Mali,2000,-3.58595570295952,187.6,0.044,50.605,11559290.0,18.977631037325,16.26300000063718,0.0
0.0,MLI,Mali,2004,-1.75582979396248,163.1,0.055,53.253,13102409.0,20.4570532892964,16.388306664394882,0.0
0.0,MLI,Mali,2008,0.28826876189116,142.6,0.063,55.187,14940782.0,22.1922849560871,16.519605079003263,0.0
0.0,MLI,Mali,2012,-3.91930567411303,126.1,0.101,56.696,16957033.0,24.1606168848588,16.646193231986327,0.0
0.0,MLI,Mali,2016,2.70047363998611,112.4,0.117,58.286,19191289.0,26.4468586077195,16.7699670361293,0.0
0.0,MLT,Malta,1984,0.921302662423145,14.5,1.38,73.2111707317073,330593.0,89.7593616603886,12.708643290521183,0.0
0.0,MLT,Malta,1992,3.61645027238262,10.6,2.335,76.5651219512195,367618.0,91.8075628458526,12.814799634532543,0.0
0.0,MLT,Malta,2000,18.911491477925,7.6,2.561,78.3487804878049,390087.0,93.278338811526,12.87412507015095,0.0
0.0,MLT,Malta,2004,-0.264750342451379,7.0,3.369,79.2536585365854,401268.0,93.6081858790552,12.902384812233276,0.0
0.0,MLT,Malta,2008,3.73344869647698,6.9,3.279,79.6365853658537,409379.0,94.0294765354989,12.922396656316284,0.0
0.0,MLT,Malta,2012,3.16977820606121,6.8,3.237,80.7463414634146,420028.0,94.3626256493653,12.948076654704094,0.0
0.0,MLT,Malta,2016,1.72282096153398,6.5,3.828,82.4536585365854,454505.0,94.4800033569336,13.02696419363927,0.0
0.0,MNE,Montenegro,2008,6.70904934455439,8.0,2.073,75.1365853658537,616969.0,63.8414387962647,13.332574058513465,0.0
1.0,MNE,Montenegro,2012,-2.65570357284696,5.4,2.014,76.3,621418.0,64.5244008658951,13.339759242370604,0.6931471805599453
0.0,MNE,Montenegro,2016,3.32318817615919,3.8,2.589,76.5414634146342,625353.0,64.9101692293409,13.34607156927905,0.0
1.0,MOZ,Mozambique,2000,-1.43002745719546,163.0,0.024,49.476,18129653.0,29.2423697311441,16.71305944300016,0.6931471805599453
0.0,MOZ,Mozambique,2004,5.76229495896818,131.6,0.026,51.855,19840313.0,29.8592114813982,16.803226435906236,0.0
0.0,MOZ,Mozambique,2012,4.93805479095479,86.3,0.056,56.46,24337846.0,31.4315251735105,17.007543145305245,0.0
2.0,NAM,Namibia,1992,3.84175231745985,71.4,0.232,60.16,1461322.0,27.3243006833291,14.194852063437352,1.0986122886681098
0.0,NAM,Namibia,2004,10.8464095671906,74.1,0.308,52.175,1942082.0,35.5356476670033,14.47927115145279,0.0
2.0,NOR,Norway,1976,5.33035957508415,12.2,1.8,75.039512195122,4026152.0,69.3257881454637,15.20832163906432,1.0986122886681098
3.0,NOR,Norway,1984,5.75352056246923,10.1,2.2,76.2243902439024,4140099.0,71.1998600765354,15.236230258559063,1.3862943611198906
7.0,NOR,Norway,1992,2.97836952395049,7.2,2.656,77.1843902439025,4286401.0,72.6495385440231,15.27095801106846,2.0794415416798357
7.0,NOR,Norway,1996,4.49689278199928,5.4,3.047,78.1504878048781,4381336.0,74.1999969482422,15.292864258673672,2.0794415416798357
10.0,NOR,Norway,2000,2.65053093720739,4.9,3.38,78.6341463414634,4490967.0,76.1338922449534,15.317578604013486,2.3978952727983707
6.0,NOR,Norway,2004,3.40174616090181,4.2,3.401,79.8414634146342,4591910.0,77.5684593888498,15.339806617486335,1.9459101490553132
9.0,NOR,Norway,2008,-0.762647949902117,3.6,3.955,80.5926829268293,4768212.0,78.7541006020666,15.377481949826118,2.302585092994046
4.0,NOR,Norway,2012,1.37764088326504,3.0,4.232,81.4512195121951,5018573.0,79.4905925441617,15.428656188309334,1.6094379124341003
4.0,NOR,Norway,2016,0.277407788765373,2.6,4.22,82.4073170731707,5234519.0,81.6800003051758,15.470785516499024,1.6094379124341003
0.0,NRU,Nauru,2004,-4.32433795357886,35.3,0.99,59.346,10060.0,100.0,9.21632244365373,0.0
0.0,NRU,Nauru,2008,20.1318813068238,30.0,1.0,59.675,10009.0,100.0,9.211239967219019,0.0
4.0,NZL,New Zealand,1976,0.0397432614710453,17.7,1.3,72.4219512195122,3110500.0,82.8950647822556,14.95029404293721,1.6094379124341003
0.0,NZL,New Zealand,1980,1.1573581248127,15.6,1.6,72.8292682926829,3112900.0,83.4049903266551,14.9510653255541,0.0
11.0,NZL,New Zealand,1984,3.88995795101282,14.1,1.7,74.3707317073171,3227100.0,83.6888703735019,14.987094459088206,2.4849066497880004
13.0,NZL,New Zealand,1988,-0.626814136933348,12.4,1.9,74.4243902439024,3283400.0,84.2960211121073,15.004390028842554,2.6390573296152584
10.0,NZL,New Zealand,1992,0.0461709248823894,10.0,1.903,76.1243902439025,3531700.0,85.0806768441581,15.077289899386232,2.3978952727983707
6.0,NZL,New Zealand,1996,1.98496136384595,8.4,2.047,76.7878048780488,3732000.0,85.4708430476733,15.132454840949372,1.9459101490553132
4.0,NZL,New Zealand,2000,2.26739583876633,7.4,2.233,78.6365853658537,3857700.0,85.7059660456056,15.16558170892664,1.6094379124341003
5.0,NZL,New Zealand,2004,2.55242862499898,6.7,2.19,79.5487804878049,4087500.0,85.9017708294597,15.223444094187647,1.791759469228055
9.0,NZL,New Zealand,2008,-1.85355347358967,6.4,2.463,80.3512195121951,4259800.0,85.9144723093505,15.264732768786637,2.302585092994046
13.0,NZL,New Zealand,2012,1.80664874629129,6.0,2.713,81.4073170731707,4408100.0,85.777700676896,15.298954315582971,2.6390573296152584
18.0,NZL,New Zealand,2016,1.47418017961533,5.5,3.115,81.6585365853659,4714100.0,84.691365594,15.366068575660085,2.9444389791664403
1.0,PAK,Pakistan,1992,4.66648101392903,134.2,0.486,59.983,123546848.0,31.2258184044289,18.63213097813497,0.6931471805599453
0.0,PAK,Pakistan,1996,1.83880828653224,121.2,0.536,60.466,138557092.0,32.1402116675762,18.74679301526024,0.0
0.0,PAK,Pakistan,2000,1.35619796881565,108.1,0.593,61.903,154879127.0,33.0046884491535,18.858155544854753,0.0
0.0,PAK,Pakistan,2004,5.20245589475688,98.5,0.679,63.097,171286000.0,33.7441369568158,18.9588452319918,0.0
0.0,PAK,Pakistan,2008,-0.577212099008804,91.0,0.707,64.002,189499113.0,34.4460387735948,19.059894901737014,0.0
0.0,PAK,Pakistan,2012,1.08227196914481,82.7,0.775,64.883,207667125.0,35.2160229383731,19.151446995143782,0.0
0.0,PAK,Pakistan,2016,5.19506859858923,73.3,0.89,65.943,220138869.0,36.1597184900333,19.20976912790664,0.0
0.0,PAN,Panama,1984,0.337222276091524,37.5,1.021,70.403,2150782.0,51.0920195298521,14.581342054903656,0.0
0.0,PAN,Panama,1988,-15.2529185873359,32.4,1.793,70.945,2352848.0,52.8260211684007,14.671137067237893,0.0
0.0,PAN,Panama,1992,5.95973635976357,29.1,1.151,71.461,2561336.0,55.3376133253207,14.756039555326346,0.0
0.0,PAN,Panama,1996,1.99565817140169,27.7,1.213,72.199,2780227.0,59.2406037081197,14.838043137009517,0.0
0.0,PAN,Panama,2004,6.13442201164611,22.5,1.329,74.845,3251155.0,63.7553758418416,14.994520875787149,0.0
1.0,PAN,Panama,2008,8.20927222938532,19.7,1.387,75.937,3500648.0,64.8088713516952,15.068458652179961,0.6931471805599453
0.0,PAN,Panama,2012,7.70986516046257,17.7,1.603,76.877,3759256.0,65.2829468288151,15.139731623446337,0.0
0.0,PAN,Panama,2016,2.77979898980544,17.0,1.573,77.772,4029086.0,65.5971555296656,15.209050109192637,0.0
0.0,PER,Peru,1980,3.33267060592001,126.6,0.716,59.982,17360949.0,64.6999623364039,16.66973393160097,0.0
1.0,PER,Peru,1984,1.07540329810783,110.8,0.908,61.066,19174716.0,66.588333745864,16.76910309415615,0.6931471805599453
1.0,PER,Peru,1988,-11.4730434692984,89.2,0.965,62.995,21054702.0,68.1760079570505,16.86263446607026,0.6931471805599453
1.0,PER,Peru,1992,-2.54546849500791,72.0,1.03,65.031,22946340.0,69.7000538774584,16.948669004628815,0.6931471805599453
0.0,PER,Peru,2012,5.25513020005759,18.9,1.139,73.979,29550366.0,78.6488061451268,17.20160668752648,0.0
0.0,PER,Peru,2016,2.57623039728159,17.3,1.307,75.951,30866494.0,81.4192362241943,17.245181816980168,0.0
0.0,PNG,Papua New Guinea,2000,-5.80069881814661,71.9,0.05,61.609,5537064.0,13.2228772276955,15.526974954344047,0.0
0.0,PNG,Papua New Guinea,2008,-3.34540325323914,61.6,0.046,62.511,7183002.0,13.0185611592166,15.787227959492094,0.0
19.0,POL,Poland,1992,2.2010658533475,16.5,2.19,71.090243902439,38363667.0,61.4357163819024,17.462621397779795,2.995732273553991
17.0,POL,Poland,1996,6.01319811600105,13.2,2.368,72.2463414634146,38624370.0,61.6396786847836,17.469393982369553,2.8903717578961645
14.0,POL,Poland,2000,5.75502267661936,9.3,2.223,73.7487804878049,38258629.0,61.7459160613903,17.459879687565387,2.70805020110221
10.0,POL,Poland,2004,5.15230495657681,7.8,2.291,74.8463414634146,38182222.0,61.6555172559989,17.457880572577867,2.3978952727983707
10.0,POL,Poland,2008,4.36953645222033,6.7,2.169,75.5439024390244,38125759.0,61.1258760375274,17.456400700890406,2.3978952727983707
10.0,POL,Poland,2012,1.51202436704637,5.4,2.223,76.7463414634146,38063164.0,60.6341632788866,17.454757548274017,2.3978952727983707
11.0,POL,Poland,2016,3.07547528252388,4.8,2.397,77.8512195121951,37970087.0,60.2402284228997,17.45230922348795,2.4849066497880004
0.0,QAT,Qatar,1996,1.47482709329236,14.6,1.26,74.558,529019.0,95.3885119686424,13.17877962701964,0.0
0.0,QAT,Qatar,2008,-0.340739470062928,9.6,3.231,78.262,1426938.0,98.1295193937322,14.17104144772252,0.0
1.0,QAT,Qatar,2016,-2.45109169349175,7.5,2.751,82.147,2477113.0,98.9855265345423,14.722604327132201,0.6931471805599453
18.0,ROU,Romania,1992,-7.93923952826758,28.4,1.856,69.7843902439024,22794284.0,54.3130567791968,16.942020360739345,2.9444389791664403
19.0,ROU,Romania,1996,4.20752254376104,26.8,1.815,69.1048780487805,22619004.0,53.677523113411,16.93430099585258,2.995732273553991
26.0,ROU,Romania,2000,2.59397523199067,21.6,1.961,71.1634146341463,22442971.0,52.8619549004535,16.92648802735945,3.295836866004329
19.0,ROU,Romania,2004,11.0591132161949,19.4,2.25,71.5609756097561,21451748.0,52.9175295523808,16.881316691859514,2.995732273553991
8.0,ROU,Romania,2008,11.1442089014979,14.0,2.426,72.5658536585366,20537875.0,53.6297858153706,16.837781300442764,2.1972245773362196
9.0,ROU,Romania,2012,2.35828066727251,11.2,2.598,74.4121951219512,20058035.0,53.9563092496073,16.814140379568443,2.302585092994046
4.0,ROU,Romania,2016,3.45169541464914,8.5,2.83,75.209756097561,19702267.0,53.5528171972639,16.796244263229596,1.6094379124341003
63.0,RUS,Russian Federation,1996,-3.61497549497646,21.7,4.519,65.8541463414634,148160129.0,73.0623092651367,18.81380419954211,4.1588830833596715
89.0,RUS,Russian Federation,2000,10.4637091559227,19.4,4.636,65.4836585365854,146596869.0,73.1568222045898,18.803196989753555,4.499809670330265
90.0,RUS,Russian Federation,2004,7.63249118230908,15.0,4.74,65.4709756097561,144067316.0,73.3065795898438,18.785791220531397,4.51085950651685
72.0,RUS,Russian Federation,2008,5.24621001829865,11.3,4.894,67.9492682926829,142742366.0,73.4822463989258,18.776551926961808,4.290459441148391
82.0,RUS,Russian Federation,2012,3.76271915500016,9.9,4.003,70.0721951219512,143378447.0,73.97265625,18.780998174973107,4.418840607796598
56.0,RUS,Russian Federation,2016,-0.0904862004782103,7.5,3.964,71.6512195121951,145015460.0,74.3703138709243,18.792350915390923,4.04305126783455
0.0,RWA,Rwanda,2004,4.64511890543764,118.1,0.049,55.52,8816844.0,16.9020099536792,15.99217454081975,0.0
0.0,RWA,Rwanda,2008,8.27757420238298,76.2,0.052,60.641,9804269.0,16.9170867063804,16.098328461034228,0.0
0.0,RWA,Rwanda,2016,3.48878829333981,46.3,0.12,65.733,11919183.0,19.1213951786548,16.29365967698403,0.0
0.0,SEN,Senegal,1992,-1.47449734866765,135.0,0.068,57.287,8168395.0,39.3197068566225,15.915782997108876,0.0
0.0,SEN,Senegal,1996,-0.443182026754187,138.4,0.093,57.129,9067014.0,39.9664704533115,16.02015355068788,0.0
0.0,SEN,Senegal,2004,2.21660237161285,95.9,0.054,60.308,10975704.0,41.6248193895895,16.211194660654133,0.0
0.0,SEN,Senegal,2008,1.30518111750766,70.3,0.062,63.201,12048959.0,42.867747101036,16.30448882412761,0.0
0.0,SEN,Senegal,2016,3.23503572393487,51.1,0.077,66.724,15034521.0,47.0553579909929,16.52585951490158,0.0
0.0,SGP,Singapore,1988,8.47550112413526,9.1,1.111,74.6975609756098,2846108.0,100.0,14.861463004909117,0.0
0.0,SGP,Singapore,1992,3.48371824424044,6.3,1.348,75.9463414634146,3230698.0,100.0,14.988208770924006,0.0
0.0,SGP,Singapore,2000,7.16598820156491,3.8,1.382,77.9512195121951,4027887.0,100.0,15.208752478802452,0.0
0.0,SGP,Singapore,2004,8.5722052915981,3.1,1.556,79.490243902439,4166664.0,100.0,15.242626273604214,0.0
1.0,SGP,Singapore,2008,-3.41549269446281,2.8,1.631,80.790243902439,4839396.0,100.0,15.392300477517042,0.6931471805599453
2.0,SGP,Singapore,2012,1.90446223662212,2.8,1.932,81.9951219512195,5312437.0,100.0,15.485561233320963,1.0986122886681098
1.0,SGP,Singapore,2016,2.41021443466256,2.7,2.325,82.8463414634146,5607283.0,100.0,15.539576846455615,0.6931471805599453
0.0,SLE,Sierra Leone,1980,2.77392622981942,288.6,0.058,42.839,3272089.0,30.2130166916028,15.000939176823845,0.0
0.0,SLE,Sierra Leone,1984,1.83752207389294,274.8,0.075,43.561,3558758.0,31.7692237825286,15.084922165552188,0.0
0.0,SLE,Sierra Leone,1996,1.26843628467385,242.8,0.073,43.528,4199210.0,34.6993438070346,15.250406970323374,0.0
0.0,SLE,Sierra Leone,2004,2.93937041660126,200.6,0.031,47.485,5355717.0,36.5491283814755,15.493675146458466,0.0
0.0,SLE,Sierra Leone,2008,1.12905319443597,173.3,0.0155,50.693,5894722.0,37.8725951588418,15.589567932232615,0.0
0.0,SMR,San Marino,2012,-9.40251314800584,2.4,4.896,83.943,33469.0,97.0999984741211,10.41837491625679,0.0
0.0,SOM,"Somalia, Fed. Rep.",1984,-0.428395914894608,194.9,0.071,48.438,6428389.0,27.7224770306845,15.676234520498847,0.0
3.0,SRB,Serbia,2008,5.60952327700927,7.9,2.943,73.8853658536585,7350222.0,58.8944613226962,15.810241074814519,1.3862943611198906
4.0,SRB,Serbia,2012,0.040200455150412,7.1,3.047,74.8365853658537,7201497.0,59.3468437194824,15.789799479041276,1.6094379124341003
8.0,SRB,Serbia,2016,3.5158880281917,6.1,2.926,75.6878048780488,7058322.0,60.3853870034026,15.769717904165933,2.1972245773362196
0.0,STP,Sao Tome and Principe,1996,-0.0318143345786694,101.3,0.467,60.576,136962.0,49.3645396106862,11.827458794072687,0.0
0.0,STP,Sao Tome and Principe,2004,0.983351604603726,60.5,0.514,62.56,157705.0,57.8774845467458,11.968481478218962,0.0
0.0,SUR,Suriname,1984,-2.78476423596697,54.9,0.791,61.211,382193.0,66.1600272294813,12.853680995602273,0.0
0.0,SUR,Suriname,1996,-1.12297125235634,36.0,0.252,63.079,438830.0,66.5963972897263,12.991867373323327,0.0
0.0,SUR,Suriname,2000,0.016412852428175,31.1,0.401,64.409,476643.0,66.7015222141811,13.07452306198571,0.0
0.0,SUR,Suriname,2004,6.9146916825718,27.2,0.778,66.362,513923.0,66.743604713168,13.149828727767874,0.0
0.0,SUR,Suriname,2016,-5.90338246401519,20.0,1.087,70.979,587757.0,66.1426466980469,13.284068876157,0.0
5.0,SVK,Slovak Republic,2000,0.925761788954276,9.6,3.238,73.0512195121951,5388720.0,56.1058893284907,15.499818437874191,1.791759469228055
6.0,SVK,Slovak Republic,2004,5.41095986972041,8.6,3.151,73.9585365853659,5372280.0,55.5843833415875,15.496762957381623,1.9459101490553132
6.0,SVK,Slovak Republic,2008,5.27306126349816,7.4,3.369,74.7048780487805,5379233.0,54.895930446636,15.498056356918841,1.9459101490553132
4.0,SVK,Slovak Republic,2012,1.39646371759601,6.6,3.366,76.109756097561,5407579.0,54.2764528316182,15.503312046041517,1.6094379124341003
4.0,SVK,Slovak Republic,2016,1.81646959957402,6.1,3.476,77.1658536585366,5430798.0,53.7399327086517,15.507596642438328,1.6094379124341003
5.0,SWE,Sweden,1976,0.691238137203413,9.8,1.8,74.9692682926829,8222286.0,82.7897023826296,15.922358830558897,1.791759469228055
12.0,SWE,Sweden,1980,1.49373317290613,8.4,2.2,75.7409756097561,8310531.0,83.0882867174939,15.933034063707149,2.5649493574615367
19.0,SWE,Sweden,1984,4.13486530060632,7.7,2.6,76.8158536585366,8336605.0,83.0966927900602,15.93616661711715,2.995732273553991
11.0,SWE,Sweden,1988,2.08876053466133,7.3,2.8,76.9792682926829,8436489.0,83.2321207888848,15.948076784761444,2.4849066497880004
12.0,SWE,Sweden,1992,-1.73663035646904,6.2,3.468,77.9987804878049,8668067.0,83.6078889853357,15.975156371188579,2.5649493574615367
8.0,SWE,Sweden,1996,1.54298849078722,4.6,2.838,78.9590243902439,8840998.0,83.9365712484942,15.994910324169162,2.1972245773362196
12.0,SWE,Sweden,2000,4.46324425617721,4.1,3.026,79.6439024390244,8872109.0,84.0400009155273,15.998423093779971,2.5649493574615367
7.0,SWE,Sweden,2004,3.77065163055421,3.7,3.373,80.4975609756098,8993531.0,84.2670710494849,16.012016099078117,2.0794415416798357
5.0,SWE,Sweden,2008,-1.6919565204184,3.2,3.681,81.1,9219637.0,84.7517366727063,16.036846223824966,1.791759469228055
8.0,SWE,Sweden,2012,-1.14837721022437,3.0,3.967,81.7048780487805,9519374.0,85.6250668883122,16.068839648302987,2.1972245773362196
11.0,SWE,Sweden,2016,0.855975824436371,2.8,4.233,82.3073170731707,9923085.0,87.0,16.110374418817567,2.4849066497880004
0.0,SWZ,Eswatini,1996,1.80600304729556,87.1,0.151,53.296,989841.0,23.0616648391073,13.805299603151632,0.0
0.0,SWZ,Eswatini,2004,2.99348109442741,116.2,0.159,43.906,1073159.0,22.3077107838089,13.886117193300294,0.0
0.0,SWZ,Eswatini,2016,2.34965752297238,55.3,0.093,56.228,1149507.0,23.5278881746356,13.954843712771007,0.0
0.0,SYR,Syrian Arab Republic,1980,10.7274172750547,60.3,0.446,66.545,8957663.0,46.7329879694194,16.008019925037267,0.0
0.0,SYR,Syrian Arab Republic,2000,-1.80421522520456,23.2,1.347,70.856,16637888.0,51.876811612138,16.627193062224997,0.0
1.0,SYR,Syrian Arab Republic,2004,4.2935988060548,20.3,1.412,72.494,18336875.0,53.5,16.724424617689614,0.6931471805599453
0.0,SYR,Syrian Arab Republic,2008,0.843363715439807,19.0,1.419,73.368,21636564.0,54.5858464394493,16.8898952192987,0.0
0.0,SYR,Syrian Arab Republic,2016,-5.28022453338099,32.2,1.172,65.19,19193834.0,75.15400963398,16.77009963958631,0.0
1.0,THA,Thailand,1984,3.76302695681466,50.3,0.16,65.55,49351708.0,17.7013465942106,17.714482933173933,0.6931471805599453
1.0,THA,Thailand,1988,11.3728951000104,41.2,0.21,68.194,52969595.0,18.2800825523918,17.785228627654213,0.6931471805599453
8.0,THA,Thailand,2004,5.34116205951062,18.1,0.289,72.1,65452047.0,36.785516284484,17.996828325614146,2.1972245773362196
4.0,THA,Thailand,2008,0.947280170156503,15.3,0.311,74.221,67619830.0,41.8954507430475,18.029411841191756,1.6094379124341003
6.0,THA,Thailand,2016,2.96944155296718,11.5,0.433,76.769,70859841.0,47.8801095551247,18.076214413537947,1.9459101490553132
0.0,TJK,Tajikistan,1996,-18.3194300083395,104.0,1.972,60.806,6066523.0,27.769317170259,15.618296181779826,0.0
0.0,TJK,Tajikistan,2000,7.00808967496647,79.7,2.148,63.542,6284735.0,26.5355104669232,15.653634235235304,0.0
0.0,TJK,Tajikistan,2004,8.15635551136702,56.7,1.914,66.604,6790547.0,26.5327772632159,15.731042055936664,0.0
2.0,TJK,Tajikistan,2008,5.78378645390583,41.7,1.895,67.924,7338403.0,26.5306015116451,15.808631801985959,1.0986122886681098
1.0,TJK,Tajikistan,2012,4.96076448659319,33.6,1.697,69.13,8014084.0,26.4102249145508,15.896711051780395,0.6931471805599453
1.0,TJK,Tajikistan,2016,4.2256886170877,29.4,1.754,69.982,8865631.0,26.3718509674072,15.997692673750361,0.6931471805599453
0.0,TKM,Turkmenistan,1996,4.88281215588242,79.0,3.222,63.538,4263819.0,44.8415980584705,15.265675795521606,0.0
0.0,TKM,Turkmenistan,2000,3.38607015598539,69.7,2.708,64.931,4582677.0,46.0736689106993,15.337793883154646,0.0
0.0,TKM,Turkmenistan,2004,3.00488650007382,55.6,2.479,66.055,4958093.0,46.7375427392139,15.416531748964886,0.0
0.0,TKM,Turkmenistan,2008,12.5329864814578,46.0,2.126,67.584,5345029.0,46.8658106736347,15.491677528057995,0.0
0.0,TKM,Turkmenistan,2012,8.70665885774136,42.5,2.029,68.961,5808546.0,46.9603023107661,15.574840839332731,0.0
0.0,TKM,Turkmenistan,2016,3.79096200658724,43.3,1.959,69.142,6360041.0,47.0227025249994,15.665545381836406,0.0
0.0,TLS,Timor-Leste,2004,-0.917955727961413,91.7,0.082,60.743,929074.0,25.7040830077802,13.741943670167236,0.0
0.0,TLS,Timor-Leste,2008,8.42335661758385,76.8,0.037,62.858,1032429.0,28.8076745459306,13.847424836319723,0.0
0.0,TTO,Trinidad and Tobago,1980,9.00273729982064,40.3,0.726,66.507,1121744.0,52.3113065070108,13.930395175038544,0.0
0.0,TTO,Trinidad and Tobago,1984,-6.75126185963548,36.4,1.043,66.556,1172984.0,53.5829996999832,13.97506148730388,0.0
2.0,TTO,Trinidad and Tobago,1996,6.66021028344292,30.2,0.736,68.039,1300928.0,55.7836876407195,14.078588413918634,1.0986122886681098
2.0,TTO,Trinidad and Tobago,2000,6.49101487437005,28.8,0.966,68.629,1319774.0,55.9291468285602,14.092971067782873,1.0986122886681098
0.0,TUN,Tunisia,1992,5.56226775420092,50.0,0.587,69.684,8682512.0,59.8253634803163,15.976821445689822,0.0
1.0,TUN,Tunisia,1996,5.61085297467285,39.2,0.665,71.247,9294432.0,62.0784646432836,16.04492606914786,0.6931471805599453
0.0,TUN,Tunisia,2000,3.54145974209786,29.2,0.762,72.604,9764935.0,63.6166653822584,16.09430846584475,0.0
0.0,TUN,Tunisia,2004,5.24794746880204,22.7,1.311,73.519,10166163.0,64.9272741461338,16.13457541069873,0.0
1.0,TUN,Tunisia,2008,3.23983058347032,19.4,1.094,74.192,10542635.0,66.0676053984361,16.170938069832697,0.6931471805599453
3.0,TUN,Tunisia,2016,0.0084982715857364,18.1,1.258,75.007,11528674.0,68.0623356528248,16.26034788129522,1.3862943611198906
6.0,TUR,Turkiye,1992,3.26017406696464,65.2,0.983,68.603,57990118.0,52.7929785448463,17.875783174684145,1.9459101490553132
6.0,TUR,Turkiye,1996,5.55499104784674,50.0,1.116,70.245,61951134.0,55.7904438860013,17.941856470956637,1.9459101490553132
5.0,TUR,Turkiye,2000,5.62145840894716,37.4,1.303,71.931,65425961.0,58.9706120006403,17.99642969484731,1.791759469228055
11.0,TUR,Turkiye,2004,8.70602046453412,27.7,1.416,73.223,68592617.0,62.4388481173262,18.04369546299754,2.4849066497880004
7.0,TUR,Turkiye,2008,-0.349081731358567,20.6,1.581,74.38,71051678.0,66.513650890377,18.07891802939951,2.0794415416798357
5.0,TUR,Turkiye,2012,3.48010432023058,15.8,1.726,75.552,75175827.0,73.7788680234324,18.135340287776028,1.791759469228055
8.0,TUR,Turkiye,2016,1.9428315705164,12.6,1.774,76.595,79277962.0,88.1020958581776,18.188470741298378,2.1972245773362196
0.0,TUV,Tuvalu,2008,5.23011336110841,34.2,0.971,64.516,10321.0,52.8338644492855,9.241935933565934,0.0
0.0,UGA,Uganda,1984,-2.97662323233796,203.3,0.044,43.706,14607677.0,7.74254709862342,16.49705777040047,0.0
0.0,UGA,Uganda,2004,3.65117760961586,114.9,0.081,53.699,27154515.0,13.1221118400615,17.117053888860724,0.0
1.0,UGA,Uganda,2012,0.865151267915266,66.7,0.098,61.579,34337438.0,21.372369321253,17.35174680377792,0.6931471805599453
23.0,UKR,Ukraine,1996,-9.22795603769922,20.3,2.992,67.097,51226109.0,67.7194202781316,17.751759901440053,3.1780538303479458
23.0,UKR,Ukraine,2000,6.79706549402465,18.3,2.986,67.786,49556660.0,67.403857296906,17.718627219395284,3.1780538303479458
22.0,UKR,Ukraine,2004,12.5773931558428,15.1,2.968,67.472,47979507.0,67.5970968423685,17.6862845402084,3.1354942159291497
27.0,UKR,Ukraine,2008,2.77550904646171,12.9,3.074,68.262,46819175.0,68.3752085755346,17.661803399196867,3.332204510175204
20.0,UKR,Ukraine,2012,0.364275557578679,10.7,3.434,71.09,46210056.0,68.8241983107739,17.64870799470462,3.044522437723423
94.0,USA,United States,1976,4.39135849431463,17.9,1.3,72.8560975609756,218035000.0,73.6353974755378,19.20016615832523,4.553876891600541
94.0,USA,United States,1988,3.23533791731938,11.9,1.8,74.7658536585366,244499000.0,74.8477523305311,19.314721776891286,4.553876891600541
108.0,USA,United States,1992,2.09666863144402,10.5,1.9,75.6170731707317,256514000.0,75.8943317611462,19.362693801982303,4.6913478822291435
91.0,USA,United States,2000,2.92586254370109,8.4,2.596,76.6365853658537,282162411.0,79.0740897861327,19.45799338865284,4.5217885770490405
101.0,USA,United States,2004,2.89111091581917,8.1,2.711,77.4878048780488,292805298.0,79.9960936968363,19.495018434150026,4.624972813284271
2.0,UZB,Uzbekistan,1996,-0.191816644156489,68.3,3.14,64.78,23351981.0,44.2710582086815,16.96619237788095,1.0986122886681098
4.0,UZB,Uzbekistan,2000,2.53200282225691,61.5,2.961,65.456,24787054.0,47.6731005044,17.025832058708325,1.6094379124341003
5.0,UZB,Uzbekistan,2004,6.1359228663663,49.2,2.726,67.203,26029350.0,50.5696510233382,17.074735305471872,1.791759469228055
6.0,UZB,Uzbekistan,2008,7.36856523907177,35.9,2.617,69.035,27494774.0,51.7943572998047,17.129506508213964,1.9459101490553132
3.0,UZB,Uzbekistan,2012,5.49671909783243,25.2,2.461,70.411,29261903.0,51.3359680175781,17.191796989035385,1.3862943611198906
13.0,UZB,Uzbekistan,2016,4.11984456589953,18.5,2.298,71.58,31284568.0,50.6572189331055,17.25863549878482,2.6390573296152584
1.0,VEN,"Venezuela, RB",1976,4.63681158054499,52.0,0.904,67.266,13606284.0,76.6100746923834,16.426042302813503,0.6931471805599453
1.0,VEN,"Venezuela, RB",1980,-7.07519951043555,44.2,0.83,68.179,15258218.0,79.2095081665964,16.540628801117084,0.6931471805599453
3.0,VEN,"Venezuela, RB",1984,2.45984940470106,37.7,1.436,69.672,17008841.0,81.3384541743188,16.649243825660296,1.3862943611198906
0.0,VEN,"Venezuela, RB",1988,3.82343156974383,32.3,1.6,70.762,18871020.0,83.1289826177933,16.75313796993792,0.0
0.0,YEM,"Yemen, Rep.",1996,1.17123054361929,108.1,0.23,60.884,17313177.0,24.3989541605814,16.666978445840403,0.0
0.0,YEM,"Yemen, Rep.",2004,0.966767059770078,74.7,0.305,64.881,22095167.0,28.4506523754813,16.910869454789516,0.0
0.0,YEM,"Yemen, Rep.",2008,0.370978630255152,60.2,0.275,66.609,25111941.0,29.9646637170333,17.03885402802681,0.0
